{"cameraMode":{"drawMode":0,"name":"Shaded","section":"Shading Mode"},"sceneLighting":true,"audioPlay":false,"sceneViewState":{"showFog":false,"showMaterialUpdate":false,"showSkybox":true,"showFlares":true,"showImageEffects":true,"showParticleSystems":true},"in2DMode":false,"pivot":{"x":339.4912109375,"y":5.089599609375,"z":518.837890625},"rotation":{"x":0.11476943641901016,"y":0.19797185063362122,"z":-0.023129701614379884,"w":0.9734905362129211},"size":5.84407377243042,"orthographic":true}