{"cameraMode":{"drawMode":0,"name":"Shaded","section":"Shading Mode"},"sceneLighting":false,"audioPlay":false,"sceneViewState":{"showFog":false,"showMaterialUpdate":false,"showSkybox":false,"showFlares":true,"showImageEffects":true,"showParticleSystems":true},"in2DMode":false,"pivot":{"x":344.0350036621094,"y":2.2660000324249269,"z":539.1819458007813},"rotation":{"x":0.0686887577176094,"y":-0.5532743334770203,"z":0.04613082483410835,"w":0.8292346000671387},"size":0.7382970452308655,"orthographic":true}