{"cameraMode":{"drawMode":0,"name":"Shaded","section":"Shading Mode"},"sceneLighting":false,"audioPlay":false,"sceneViewState":{"showFog":false,"showMaterialUpdate":false,"showSkybox":false,"showFlares":true,"showImageEffects":true,"showParticleSystems":true},"in2DMode":false,"pivot":{"x":343.33203125,"y":1.82794189453125,"z":515.6565551757813},"rotation":{"x":-0.0426311120390892,"y":-0.9456237554550171,"z":0.13583646714687348,"w":-0.2934580147266388},"size":2.384876251220703,"orthographic":true}