{"cameraMode":{"drawMode":0,"name":"Shaded","section":"Shading Mode"},"sceneLighting":false,"audioPlay":false,"sceneViewState":{"showFog":false,"showMaterialUpdate":false,"showSkybox":false,"showFlares":true,"showImageEffects":true,"showParticleSystems":true},"in2DMode":false,"pivot":{"x":346.8950500488281,"y":1.1820068359375,"z":546.3623046875},"rotation":{"x":0.040757548063993457,"y":0.03854148089885712,"z":-0.0022993662860244514,"w":0.9988003373146057},"size":2.301581382751465,"orthographic":true}