{"cameraMode":{"drawMode":0,"name":"Shaded","section":"Shading Mode"},"sceneLighting":false,"audioPlay":false,"sceneViewState":{"showFog":false,"showMaterialUpdate":false,"showSkybox":false,"showFlares":true,"showImageEffects":true,"showParticleSystems":true},"in2DMode":false,"pivot":{"x":335.739013671875,"y":3.134033203125,"z":537.8968505859375},"rotation":{"x":0.1967144012451172,"y":0.05992082506418228,"z":-0.011846418492496014,"w":0.9788497686386108},"size":5.248645305633545,"orthographic":true}