{"cameraMode":{"drawMode":0,"name":"Shaded","section":"Shading Mode"},"sceneLighting":false,"audioPlay":false,"sceneViewState":{"showFog":false,"showMaterialUpdate":false,"showSkybox":false,"showFlares":true,"showImageEffects":true,"showParticleSystems":true},"in2DMode":false,"pivot":{"x":349.13006591796877,"y":1.1761500835418702,"z":530.1586303710938},"rotation":{"x":0.1801711767911911,"y":0.23044566810131074,"z":-0.04324949532747269,"w":0.9555855989456177},"size":2.948871374130249,"orthographic":true}