{"cameraMode":{"drawMode":0,"name":"Shaded","section":"Shading Mode"},"sceneLighting":false,"audioPlay":false,"sceneViewState":{"showFog":false,"showMaterialUpdate":false,"showSkybox":false,"showFlares":true,"showImageEffects":true,"showParticleSystems":true},"in2DMode":false,"pivot":{"x":341.776123046875,"y":1.199798583984375,"z":531.9602661132813},"rotation":{"x":0.011686489917337895,"y":-0.9874624013900757,"z":0.087925985455513,"w":0.1310919225215912},"size":4.285861015319824,"orthographic":true}